"","HLTH_SERVICE_DLVR_AREA_NAME","date","wildfire_pm25","average_mo_raqdpsfw","average_mo_raqdps"
"1","Central Vancouver Island",2018-03-01,0,1.02865555555556,1.28601863799283
"2","Central Vancouver Island",2018-04-01,0.23155397609004,1.35232678938124,1.1207728132912
"3","Central Vancouver Island",2018-05-01,0,1.89808692411924,2.01526523297491
"4","Central Vancouver Island",2018-06-01,0,0.738604841269841,0.801579398148148
"5","Central Vancouver Island",2018-07-01,0.37692095390732,2.00474769647696,1.62782674256964
"6","Central Vancouver Island",2018-08-01,23.4504062072336,25.5567121212121,2.10630591397849
"7","Central Vancouver Island",2018-09-01,0.371053733660134,1.29501377995643,0.923960046296296
"8","Central Vancouver Island",2018-10-01,0.62800256901548,2.62059024822695,1.99258767921147
"9","Central Vancouver Island",2018-11-01,0,0.397134126984127,0.977555833333333
"10","Central Vancouver Island",2019-04-01,0,0.765467361111111,0.776783842796043
"11","Central Vancouver Island",2019-05-01,0.17476142594207,1.62883911411411,1.45407768817204
"12","Central Vancouver Island",2019-06-01,0,0.934748688271605,1.015775
"13","Central Vancouver Island",2019-07-01,0.089865380926527,0.61474864498645,0.524883264059923
"14","Central Vancouver Island",2019-08-01,0.246176323728853,1.01208543543544,0.765909111706587
"15","Central Vancouver Island",2019-09-01,0,0.64748112745098,0.694283796296296
"16","Central Vancouver Island",2019-10-01,0,0.794913211382114,0.898039023297491
"17","Central Vancouver Island",2019-11-01,0,1.03867150997151,1.10057865740741
"18","Central Vancouver Island",2020-03-01,0,0.450162301587302,0.726324775985663
"19","Central Vancouver Island",2020-04-01,0.00836537037037,0.789340972222222,0.780975601851852
"20","Central Vancouver Island",2020-05-01,0.01765113313918,1.0597833912037,1.04213225806452
"21","Central Vancouver Island",2020-06-01,0.0208339351851851,0.771204166666667,0.750370231481482
"22","Central Vancouver Island",2020-07-01,0.0816900443860961,0.721608010335917,0.639917965949821
"23","Central Vancouver Island",2020-08-01,0.00491127912186307,0.676661458333333,0.67175017921147
"24","Central Vancouver Island",2020-09-01,13.7357814342001,14.7724343971631,1.03665296296296
"25","Central Vancouver Island",2020-10-01,0.559912356257466,1.50204241898148,0.942130062724014
"26","Central Vancouver Island",2020-11-01,0.0295296626984121,0.76609619047619,0.736566527777778
"27","Central Vancouver Island",2020-12-01,0,1.17698888888889,1.17978924731183
"28","Central Vancouver Island",2021-01-01,0.0419538774845198,1.05083712121212,1.0088832437276
"29","Central Vancouver Island",2021-02-01,0.0719926159688009,0.633797030651341,0.56180441468254
"30","Central Vancouver Island",2021-03-01,0.061110629140871,0.913016498316498,0.851905869175627
"31","Central Vancouver Island",2021-04-01,0.104663700716846,0.93240564516129,0.827741944444444
"32","Central Vancouver Island",2021-05-01,0.044030463314358,0.819625490196078,0.77559502688172
"33","Central Vancouver Island",2021-06-01,0,0.697005253661234,0.748506388888889
"34","Central Vancouver Island",2021-07-01,0,0.728986625514403,0.901482840501792
"35","Central Vancouver Island",2021-08-01,0.626296613430315,1.50276879084967,0.876472177419355
"36","Central Vancouver Island",2021-09-01,0.011047037037037,0.803574074074074,0.792527037037037
"37","Central Vancouver Island",2021-10-01,0.08723209485407,0.708548313492063,0.621316218637993
"38","Central Vancouver Island",2021-11-01,0.133157373058542,0.780024641577061,0.646867268518519
"39","Central Vancouver Island",2021-12-01,0,0.477538438438438,0.520221998207885
"40","Central Vancouver Island",2022-01-01,0,1.63887838541667,1.6632828042328
"41","Central Vancouver Island",2022-02-01,0,0.876047222222222,0.964086046511628
"42","Central Vancouver Island",2022-03-01,0,0.96448648989899,0.998211574074074
"43","Central Vancouver Island",2022-04-01,0.038912834989461,0.565038143631436,0.526125308641975
"44","Central Vancouver Island",2022-05-01,0,0.591232026143791,0.605865777777778
"45","Central Vancouver Island",2022-06-01,0,0.590337654320988,0.591997048611111
"46","Central Vancouver Island",2022-07-01,0.103126172726035,0.859075954861111,0.755949782135076
"47","Central Vancouver Island",2022-08-01,0.74785824160074,2.16192763157895,1.41406938997821
"48","Central Vancouver Island",2022-09-01,1.40340701745237,2.28552066993464,0.88211365248227
"49","Central Vancouver Island",2022-10-01,1.15537675422021,2.68618780864198,1.53081105442177
"50","Central Vancouver Island",2022-11-01,0.26801144497863,1.386399002849,1.11838755787037
"51","Central Vancouver Island",2022-12-01,0,0.549803455284553,0.55481045751634
"52","Central Vancouver Island",2023-01-01,0,0.985401599326599,1.07419532407407
"53","Central Vancouver Island",2023-02-01,0,0.509681272401434,0.844662797619048
"54","Central Vancouver Island",2023-03-01,0.266195718525986,1.14916328125,0.882967562724014
"55","Central Vancouver Island",2023-04-01,0.12427596707819,0.712547777777778,0.588271810699588
"56","Central Vancouver Island",2023-05-01,0,1.20988799283154,1.23395629960317
"57","Central Vancouver Island",2023-06-01,0.200370188816267,0.953816176470588,0.753445987654321
"58","Central Vancouver Island",2023-07-01,0.243918990559186,0.761491830065359,0.517572839506173
"59","Central Vancouver Island",2023-08-01,4.97756968318607,5.83583422939068,0.858264546204614
"60","Central Vancouver Island",2023-09-01,0,0.597421626984127,0.654523036398467
"61","East Kootenay",2018-03-01,0.10792678467116,0.547141362460477,0.439214577789317
"62","East Kootenay",2018-04-01,0.173991902304739,0.671630757216026,0.497638854911287
"63","East Kootenay",2018-05-01,0.09888378516576,1.69008835451735,1.59120456935159
"64","East Kootenay",2018-06-01,0.107967442751748,0.84405160103478,0.736084158283032
"65","East Kootenay",2018-07-01,1.39859918656272,2.34501055111155,0.946411364548825
"66","East Kootenay",2018-08-01,34.9077372941461,36.6755542344979,1.76781694035179
"67","East Kootenay",2018-09-01,2.86834343551505,3.59491179232256,0.726568356807512
"68","East Kootenay",2018-10-01,1.02083933249463,2.16317467357336,1.14233534107873
"69","East Kootenay",2018-11-01,0,0.252507042253521,0.312390905432596
"70","East Kootenay",2019-04-01,0.123156730178843,0.648017404426559,0.524860674247716
"71","East Kootenay",2019-05-01,0.621517191729274,1.4050298548045,0.783512663075226
"72","East Kootenay",2019-06-01,0,0.638457366420747,0.703931844399732
"73","East Kootenay",2019-07-01,0.462761998814644,1.17468773617314,0.711925737358496
"74","East Kootenay",2019-08-01,0.57212671692889,1.60857797596389,1.036451259035
"75","East Kootenay",2019-09-01,0,0.840893999289857,0.86419733065057
"76","East Kootenay",2019-10-01,0.094868129627489,0.460574431957599,0.36570630233011
"77","East Kootenay",2019-11-01,0.000230760976112965,0.538625475932518,0.538394714956405
"78","East Kootenay",2020-03-01,0,0.234812992239149,0.533649211397417
"79","East Kootenay",2020-04-01,0.064117657612341,0.670857671026157,0.606740013413816
"80","East Kootenay",2020-05-01,0.00732821661149707,0.608152984574111,0.600824767962614
"81","East Kootenay",2020-06-01,0.0691664957863121,0.828538273116963,0.759371777330651
"82","East Kootenay",2020-07-01,0.283083509006024,0.887069580272332,0.603986071266308
"83","East Kootenay",2020-08-01,1.9404831104909,3.20145187793427,1.26096876744337
"84","East Kootenay",2020-09-01,21.0385197736775,22.0278243075474,0.989304533869886
"85","East Kootenay",2020-10-01,0.61079666169057,1.29289087860496,0.68209421691439
"86","East Kootenay",2020-11-01,0.119795985436428,0.499673584363323,0.379877598926895
"87","East Kootenay",2020-12-01,0.034845408282301,0.562915960628637,0.528070552346336
"88","East Kootenay",2021-01-01,0.074143169869658,0.55445853301628,0.480315363146622
"89","East Kootenay",2021-02-01,0.021129154731344,0.374317269132034,0.35318811440069
"90","East Kootenay",2021-03-01,0.041166618085837,0.54203411987074,0.500867501784903
"91","East Kootenay",2021-04-01,0,0.669405932368404,0.712501448692153
"92","East Kootenay",2021-05-01,0.20468351971411,0.858398129956208,0.653714610242098
"93","East Kootenay",2021-06-01,0.14057747552287,0.943392465462508,0.802814989939638
"94","East Kootenay",2021-07-01,27.7353420893341,29.5668663834861,1.83152429415201
"95","East Kootenay",2021-08-01,7.32175294346726,8.58124748490946,1.2594945414422
"96","East Kootenay",2021-09-01,1.71301533199195,2.41124882629108,0.698233494299128
"97","East Kootenay",2021-10-01,0.142560999174773,0.732008393216442,0.589447394041669
"98","East Kootenay",2021-11-01,0.08820302589732,0.475049263321867,0.386846237424547
"99","East Kootenay",2021-12-01,0.007620756184886,0.289507732883789,0.281886976698903
"100","East Kootenay",2022-01-01,0.013055991903804,0.613352188128773,0.600296196224969
"101","East Kootenay",2022-02-01,0,0.422576361394171,0.511299817509709
"102","East Kootenay",2022-03-01,0,0.677420413389427,0.727619450033535
"103","East Kootenay",2022-04-01,0.013156297568609,0.465643558914462,0.452487261345853
"104","East Kootenay",2022-05-01,0.084675824357912,0.751997514498757,0.667321690140845
"105","East Kootenay",2022-06-01,0,0.572594723898949,0.619088648558015
"106","East Kootenay",2022-07-01,0.23795429390065,1.25189650402414,1.01394221012349
"107","East Kootenay",2022-08-01,6.11330038684117,8.17349359313777,2.0601932062966
"108","East Kootenay",2022-09-01,6.61773928980642,7.81434503491537,1.19660574510895
"109","East Kootenay",2022-10-01,2.76847679729169,4.0249941873463,1.25651739005461
"110","East Kootenay",2022-11-01,0.097828150957024,0.575538915544549,0.477710764587525
"111","East Kootenay",2022-12-01,0.018916523916334,0.317549040584973,0.298632516668639
"112","East Kootenay",2023-01-01,0,0.41539832937016,0.447657531857814
"113","East Kootenay",2023-02-01,0,0.344819938988771,0.429411626904283
"114","East Kootenay",2023-03-01,0.180940778542221,0.647815342052314,0.466874563510093
"115","East Kootenay",2023-04-01,0.186232261718459,0.718069671361502,0.531837409643043
"116","East Kootenay",2023-05-01,7.81780502971747,9.14314272733173,1.32533769761426
"117","East Kootenay",2023-06-01,2.91609191006606,3.83716960587052,0.921077695804456
"118","East Kootenay",2023-07-01,6.13775445702537,7.05897526334477,0.921220806319398
"119","East Kootenay",2023-08-01,9.79965757619226,10.8916253650938,1.09196778890154
"120","East Kootenay",2023-09-01,1.04089458921013,2.06611411325093,1.0252195240408
"121","Fraser East",2018-03-01,0.00589833495913095,0.982236079249218,0.976337744290087
"122","Fraser East",2018-04-01,0.10542476194433,1.12678275298627,1.02135799104194
"123","Fraser East",2018-05-01,0.0557462518736398,3.56148121773189,3.50573496585825
"124","Fraser East",2018-06-01,0.06459681612791,2.09657968717414,2.03198287104623
"125","Fraser East",2018-07-01,0.91038393237356,3.50157393626491,2.59119000389135
"126","Fraser East",2018-08-01,23.5831963653488,27.4108161911082,3.82761982575936
"127","Fraser East",2018-09-01,0.9880421497066,2.40991441248032,1.42187226277372
"128","Fraser East",2018-10-01,0.80452681091534,2.22708979655226,1.42256298563692
"129","Fraser East",2018-11-01,0,0.385693430656934,0.552427639902676
"130","Fraser East",2019-04-01,0.14165085137805,1.16446040145985,1.0228095500818
"131","Fraser East",2019-05-01,0.60624374534648,2.81584904320379,2.20960529785731
"132","Fraser East",2019-06-01,0,1.6447596107056,1.70393294403893
"133","Fraser East",2019-07-01,0.0521779451118001,1.3535866120705,1.3014086669587
"134","Fraser East",2019-08-01,0.43069814579226,2.2655103570724,1.83481221128014
"135","Fraser East",2019-09-01,0,1.18928295405754,1.40282126520681
"136","Fraser East",2019-10-01,0,0.74460559017269,0.853627407581823
"137","Fraser East",2019-11-01,0.0828225116975501,1.22188440950777,1.13906189781022
"138","Fraser East",2020-03-01,0,0.655493639207508,1.16895163644926
"139","Fraser East",2020-04-01,0.0995787834549899,1.72434379562044,1.62476501216545
"140","Fraser East",2020-05-01,0.0738292363236801,1.38085523114355,1.30702599481987
"141","Fraser East",2020-06-01,0.0355730223209501,1.48579574738178,1.45022272506083
"142","Fraser East",2020-07-01,0.3273876213579,1.59603136988627,1.26864374852837
"143","Fraser East",2020-08-01,0.21304663291735,2.05569890510949,1.84265227219214
"144","Fraser East",2020-09-01,17.004147281669,19.0378058704768,2.03365858880779
"145","Fraser East",2020-10-01,0.89466659210423,2.04680669099757,1.15214009889334
"146","Fraser East",2020-11-01,0.108076517205422,0.697657393117831,0.589580875912409
"147","Fraser East",2020-12-01,0.056761324687061,0.771276464785954,0.714515140098893
"148","Fraser East",2021-01-01,0.063404968926372,0.848423711568237,0.785018742641865
"149","Fraser East",2021-02-01,0.018458381575635,0.474232469166876,0.455774087591241
"150","Fraser East",2021-03-01,0.09217788813494,1.30281937624419,1.21064148810925
"151","Fraser East",2021-04-01,0,1.41965311984931,1.47614418491484
"152","Fraser East",2021-05-01,0.0258037202731298,1.68122627737226,1.65542255709913
"153","Fraser East",2021-06-01,0.17845933157244,1.65443161867706,1.47597228710462
"154","Fraser East",2021-07-01,3.38171602612737,5.72847256015139,2.34675653402402
"155","Fraser East",2021-08-01,7.95531027576562,10.2005135251181,2.24520324935248
"156","Fraser East",2021-09-01,0.94756854825628,2.2328304947283,1.28526194647202
"157","Fraser East",2021-10-01,0.00768126072185404,0.844339937434828,0.836658676712974
"158","Fraser East",2021-11-01,0.0234498783454991,0.680884671532847,0.657434793187348
"159","Fraser East",2021-12-01,0,0.421688952456106,0.471260901813044
"160","Fraser East",2022-01-01,0.00379512947515015,1.13871414233577,1.13491901286062
"161","Fraser East",2022-02-01,0,0.832026277372263,0.883206654218299
"162","Fraser East",2022-03-01,0,0.934315129396151,1.18318236009732
"163","Fraser East",2022-04-01,0.0438424465412529,1.03424212212925,0.990399675587997
"164","Fraser East",2022-05-01,0.0737449102619201,1.22692528982396,1.15318037956204
"165","Fraser East",2022-06-01,0.020421897810218,0.86059805352798,0.840176155717762
"166","Fraser East",2022-07-01,0.32639605159582,2.37507983576642,2.0486837841706
"167","Fraser East",2022-08-01,2.50071272814926,5.71071456012293,3.21000183197367
"168","Fraser East",2022-09-01,5.95869945095603,8.21295079433233,2.2542513433763
"169","Fraser East",2022-10-01,14.6291041627356,16.7663132197891,2.13720905705348
"170","Fraser East",2022-11-01,0.278240585813214,0.929176717200075,0.650936131386861
"171","Fraser East",2022-12-01,0.00321114543734502,0.474190564358198,0.470979418920853
"172","Fraser East",2023-01-01,0.053803534616235,0.674157841185578,0.620354306569343
"173","Fraser East",2023-02-01,0,0.467241441017189,0.576606882168926
"174","Fraser East",2023-03-01,0.210678417117968,1.03596322992701,0.825284812809042
"175","Fraser East",2023-04-01,0.0678785293322501,1.25529177615572,1.18741324682347
"176","Fraser East",2023-05-01,0.4795041491473,2.81971650576878,2.34021235662148
"177","Fraser East",2023-06-01,0.43978546825057,2.06557492486046,1.62578945660989
"178","Fraser East",2023-07-01,0.80340740104639,2.45925633319021,1.65584893214382
"179","Fraser East",2023-08-01,18.8947044805049,20.6402806687073,1.74557618820245
"180","Fraser East",2023-09-01,0.55351662291899,2.16465797705944,1.61114135414045
"181","Fraser North",2018-03-01,0,2.01309523809524,2.17439086021505
"182","Fraser North",2018-04-01,0.14895436960856,2.15433644215902,2.00538207255046
"183","Fraser North",2018-05-01,0,4.65878821138211,4.70352795698925
"184","Fraser North",2018-06-01,0.09431396825397,2.83054285714286,2.73622888888889
"185","Fraser North",2018-07-01,0.83346269815945,4.56980731707317,3.73634461891372
"186","Fraser North",2018-08-01,21.0239003910068,26.6892689393939,5.6653685483871
"187","Fraser North",2018-09-01,0.31352339869281,3.0234022875817,2.70987888888889
"188","Fraser North",2018-10-01,0.99243822351864,4.20323687943262,3.21079865591398
"189","Fraser North",2018-11-01,0,1.5871380952381,1.9125075
"190","Fraser North",2019-04-01,0.0175442011854401,1.7726828125,1.75513861131456
"191","Fraser North",2019-05-01,0.3510604911363,3.43605135135135,3.08499086021505
"192","Fraser North",2019-06-01,0,2.30278981481481,2.56745472222222
"193","Fraser North",2019-07-01,0.0668368163666802,2.00534552845528,1.9385087120886
"194","Fraser North",2019-08-01,0.16644722123926,2.74399459459459,2.57754737335533
"195","Fraser North",2019-09-01,0,2.39068382352941,2.56602388888889
"196","Fraser North",2019-10-01,0,1.92233658536585,2.07272043010753
"197","Fraser North",2019-11-01,0,3.25718247863248,3.42601805555556
"198","Fraser North",2020-03-01,0,1.43379285714286,2.27872338709677
"199","Fraser North",2020-04-01,0.17478524305555,2.92331302083333,2.74852777777778
"200","Fraser North",2020-05-01,0.15440442428315,2.29082673611111,2.13642231182796
"201","Fraser North",2020-06-01,0.00920922705314009,2.31309311594203,2.30388388888889
"202","Fraser North",2020-07-01,0.13095349462365,2.07128333333333,1.94032983870968
"203","Fraser North",2020-08-01,0.13181388888889,2.68201388888889,2.5502
"204","Fraser North",2020-09-01,21.6961469385343,24.8929397163121,3.19679277777778
"205","Fraser North",2020-10-01,0.82661284722222,3.60958784722222,2.782975
"206","Fraser North",2020-11-01,0.0248486111111101,2.15055333333333,2.12570472222222
"207","Fraser North",2020-12-01,0,2.07538873873874,2.42588010752688
"208","Fraser North",2021-01-01,0,1.85175606060606,2.12513655913979
"209","Fraser North",2021-02-01,0.0882498768472899,1.81307011494253,1.72482023809524
"210","Fraser North",2021-03-01,0.27296063864451,2.56424343434343,2.29128279569892
"211","Fraser North",2021-04-01,0.0090841308243701,2.40868440860215,2.39960027777778
"212","Fraser North",2021-05-01,0.12570153383934,2.44838970588235,2.32268817204301
"213","Fraser North",2021-06-01,0.11276173215586,2.5592636766003,2.44650194444444
"214","Fraser North",2021-07-01,0,3.02743827160494,3.20614059139785
"215","Fraser North",2021-08-01,4.83270344718533,7.98047549019608,3.14777204301075
"216","Fraser North",2021-09-01,0.9056162345679,3.36495679012346,2.45934055555556
"217","Fraser North",2021-10-01,0,1.77328928571429,2.06517392473118
"218","Fraser North",2021-11-01,0.0361680465949799,2.04379193548387,2.00762388888889
"219","Fraser North",2021-12-01,0,1.67712747747748,1.79658333333333
"220","Fraser North",2022-01-01,0,3.15133177083333,3.53905833333333
"221","Fraser North",2022-02-01,0,2.79294301075269,2.94771395348837
"222","Fraser North",2022-03-01,0,2.22209090909091,2.75314201388889
"223","Fraser North",2022-04-01,0.0445553116531103,2.15319308943089,2.10863777777778
"224","Fraser North",2022-05-01,0.0504880196078501,2.44450735294118,2.39401933333333
"225","Fraser North",2022-06-01,0.0176543981481401,1.7313037037037,1.71364930555556
"226","Fraser North",2022-07-01,0.29285638276144,3.41020572916667,3.11734934640523
"227","Fraser North",2022-08-01,2.09372521499828,6.24815789473684,4.15443267973856
"228","Fraser North",2022-09-01,3.14505341051314,6.31696617647059,3.17191276595745
"229","Fraser North",2022-10-01,5.30637159863945,9.53770833333333,4.23133673469388
"230","Fraser North",2022-11-01,0,2.24791282051282,2.35161736111111
"231","Fraser North",2022-12-01,0,1.62257195121951,1.74777712418301
"232","Fraser North",2023-01-01,0,2.08709545454545,2.090645
"233","Fraser North",2023-02-01,0,1.74185161290323,1.95114464285714
"234","Fraser North",2023-03-01,0.18990596438172,2.1424484375,1.95254247311828
"235","Fraser North",2023-04-01,0,2.42597611111111,2.49879969135803
"236","Fraser North",2023-05-01,0.28446986367128,3.90231182795699,3.61784196428571
"237","Fraser North",2023-06-01,0.39261806463326,2.93885294117647,2.54623487654321
"238","Fraser North",2023-07-01,0.61188320624546,3.09247549019608,2.48059228395062
"239","Fraser North",2023-08-01,13.3410510526604,16.2375806451613,2.89652959250091
"240","Fraser North",2023-09-01,0.00330024630541992,2.74085714285714,2.73755689655172
"241","Fraser South",2018-03-01,0,6.68507936507937,7.92452114695341
"242","Fraser South",2018-04-01,0.636342564053,5.76525435882568,5.12891179477268
"243","Fraser South",2018-05-01,0.53657877436839,9.69487913279133,9.15830035842294
"244","Fraser South",2018-06-01,0.169282645502641,4.80814857142857,4.63886592592593
"245","Fraser South",2018-07-01,2.47888795823462,10.1482840108401,7.66939605260548
"246","Fraser South",2018-08-01,27.0877467579016,38.2476363636364,11.1598896057348
"247","Fraser South",2018-09-01,0.6893397385621,7.3471834422658,6.6578437037037
"248","Fraser South",2018-10-01,2.3994628384047,14.8015338061466,12.4020709677419
"249","Fraser South",2018-11-01,0,4.08540952380952,9.63826740740741
"250","Fraser South",2019-04-01,0.9687768516484,5.65768888888889,4.68891203724049
"251","Fraser South",2019-05-01,1.41547355419936,8.0929033033033,6.67742974910394
"252","Fraser South",2019-06-01,0.13725654320988,4.08242098765432,3.94516444444444
"253","Fraser South",2019-07-01,0.48154966932586,4.28153929539295,3.79998962606709
"254","Fraser South",2019-08-01,1.03593579045364,6.30669069069069,5.27075490023705
"255","Fraser South",2019-09-01,0.88809525054466,7.06316339869281,6.17506814814815
"256","Fraser South",2019-10-01,0.0269372497595901,7.2138189701897,7.18688172043011
"257","Fraser South",2019-11-01,0.0912656980057012,13.1520501424501,13.0607844444444
"258","Fraser South",2020-03-01,0,4.00200634920635,7.45510967741935
"259","Fraser South",2020-04-01,1.27780083333333,6.79919861111111,5.52139777777778
"260","Fraser South",2020-05-01,0.60381197729988,5.01788796296296,4.41407598566308
"261","Fraser South",2020-06-01,0.68860847020934,5.3832077294686,4.69459925925926
"262","Fraser South",2020-07-01,0.89583382512295,4.94890335917313,4.05306953405018
"263","Fraser South",2020-08-01,0.5766468339307,5.36807407407407,4.79142724014337
"264","Fraser South",2020-09-01,24.5475162174941,32.9049739952719,8.35745777777778
"265","Fraser South",2020-10-01,0.889647162485069,9.87441203703704,8.98476487455197
"266","Fraser South",2020-11-01,0.72189153439153,8.67309079365079,7.95119925925926
"267","Fraser South",2020-12-01,0,10.7751903903904,10.8205856630824
"268","Fraser South",2021-01-01,2.0026303030303,12.0942303030303,10.0916
"269","Fraser South",2021-02-01,1.34728585112206,7.1556183908046,5.80833253968254
"270","Fraser South",2021-03-01,1.10633252959704,7.8627569023569,6.75642437275986
"271","Fraser South",2021-04-01,1.03248864994026,6.93280716845878,5.90031851851852
"272","Fraser South",2021-05-01,1.72959329538267,7.0589137254902,5.32932043010753
"273","Fraser South",2021-06-01,1.19180487134343,6.30964450097306,5.11783962962963
"274","Fraser South",2021-07-01,0.97213351918227,5.840329218107,4.86819569892473
"275","Fraser South",2021-08-01,3.14134775458571,8.85856209150327,5.71721433691756
"276","Fraser South",2021-09-01,1.0011766255144,7.16284773662551,6.16167111111111
"277","Fraser South",2021-10-01,0,5.65531428571429,6.41730752688172
"278","Fraser South",2021-11-01,0.66981956989248,7.55552401433692,6.88570444444444
"279","Fraser South",2021-12-01,0,6.80616006006006,7.19596935483871
"280","Fraser South",2022-01-01,0,13.2145444444444,13.8649481481481
"281","Fraser South",2022-02-01,0,10.1547713261649,10.6618170542636
"282","Fraser South",2022-03-01,0,7.96602727272727,8.74545648148148
"283","Fraser South",2022-04-01,0.0191776211984402,5.14167046070461,5.12249283950617
"284","Fraser South",2022-05-01,0.44430436601307,5.54680392156863,5.10249955555556
"285","Fraser South",2022-06-01,0.32983209876544,5.18366543209877,4.85383333333333
"286","Fraser South",2022-07-01,1.36712124183007,8.73630555555556,7.36918431372549
"287","Fraser South",2022-08-01,1.20133872262355,9.74815789473684,8.54681917211329
"288","Fraser South",2022-09-01,1.96500575719645,10.2977490196078,8.33274326241135
"289","Fraser South",2022-10-01,4.8812487276392,18.6016469135802,13.720398185941
"290","Fraser South",2022-11-01,0,8.43706324786325,8.73688240740741
"291","Fraser South",2022-12-01,0.141976491843351,6.82119566395664,6.67921917211329
"292","Fraser South",2023-01-01,0.26832410774411,9.28801077441078,9.01968666666667
"293","Fraser South",2023-02-01,0,6.00607455197133,6.51805873015873
"294","Fraser South",2023-03-01,1.0021980734767,7.06217083333333,6.05997275985663
"295","Fraser South",2023-04-01,0.844523127572019,6.53949925925926,5.69497613168724
"296","Fraser South",2023-05-01,0.92038154121864,7.50172043010753,6.58133888888889
"297","Fraser South",2023-06-01,0.83939757927862,6.07143790849673,5.23204032921811
"298","Fraser South",2023-07-01,0.64067170176713,5.03043137254902,4.38975967078189
"299","Fraser South",2023-08-01,7.69730065540833,13.4973620071685,5.80006135176017
"300","Fraser South",2023-09-01,1.54405320197044,8.72169841269841,7.17764521072797
"301","Kootenay Boundary",2018-03-01,0.149271556340354,0.664428304405875,0.515156748065521
"302","Kootenay Boundary",2018-04-01,0.0590367281236189,0.587765511473659,0.52872878335004
"303","Kootenay Boundary",2018-05-01,0,1.55477839069979,1.57815373329314
"304","Kootenay Boundary",2018-06-01,0.131058635217327,0.974420151312862,0.843361516095535
"305","Kootenay Boundary",2018-07-01,1.6661236204592,2.46699813084112,0.800874510381918
"306","Kootenay Boundary",2018-08-01,51.3612000767397,53.3149184367035,1.95371835996382
"307","Kootenay Boundary",2018-09-01,5.96556487813817,6.78175297782664,0.816188099688474
"308","Kootenay Boundary",2018-10-01,1.37404447195513,2.80407407701995,1.43002960506482
"309","Kootenay Boundary",2018-11-01,0,0.285665153538051,0.367243655244029
"310","Kootenay Boundary",2019-04-01,0.183104044448678,0.831711526479751,0.648607482031073
"311","Kootenay Boundary",2019-05-01,0.623341886324073,1.458142258146,0.834800371821927
"312","Kootenay Boundary",2019-06-01,0,0.664723814468674,0.713173291796469
"313","Kootenay Boundary",2019-07-01,0.414305668191847,1.23385760960413,0.819551941412283
"314","Kootenay Boundary",2019-08-01,0.92055507594353,2.10165930790604,1.18110423196251
"315","Kootenay Boundary",2019-09-01,0.0207934713823201,1.17012061572292,1.1493271443406
"316","Kootenay Boundary",2019-10-01,0.115300838008681,0.610728212141934,0.495427374133253
"317","Kootenay Boundary",2019-11-01,0.010303318156402,0.660368655643422,0.65006533748702
"318","Kootenay Boundary",2020-03-01,0,0.440750333778371,0.713996965129133
"319","Kootenay Boundary",2020-04-01,0.056974854620976,0.755120171339564,0.698145316718588
"320","Kootenay Boundary",2020-05-01,0,0.641110514018692,0.663504270927545
"321","Kootenay Boundary",2020-06-01,0.0138076202085869,0.820859894351889,0.807052274143302
"322","Kootenay Boundary",2020-07-01,0.505146412771418,1.14828796638412,0.643141553612702
"323","Kootenay Boundary",2020-08-01,1.52282167453857,2.75197377985462,1.22915210531605
"324","Kootenay Boundary",2020-09-01,27.0346504275204,28.2205538543117,1.18590342679128
"325","Kootenay Boundary",2020-10-01,0.861905594077649,1.8317774662513,0.969871872173651
"326","Kootenay Boundary",2020-11-01,0.172946251298027,0.728257943925234,0.555311692627207
"327","Kootenay Boundary",2020-12-01,0.058036100133899,0.649646712132693,0.591610611998794
"328","Kootenay Boundary",2021-01-01,0.065998598587625,0.612939790427641,0.546941191840016
"329","Kootenay Boundary",2021-02-01,0.081385806362507,0.483599914061661,0.402214107699154
"330","Kootenay Boundary",2021-03-01,0.060364470146141,0.754374700273766,0.694010230127625
"331","Kootenay Boundary",2021-04-01,0,0.620739061400864,0.710587268951194
"332","Kootenay Boundary",2021-05-01,0.079933518948732,0.75228946307495,0.672355944126218
"333","Kootenay Boundary",2021-06-01,0.0180372671942129,0.789150507069602,0.771113239875389
"334","Kootenay Boundary",2021-07-01,37.7537276648168,39.5912403369101,1.83751267209326
"335","Kootenay Boundary",2021-08-01,10.6793113420467,12.0097987905443,1.33048744849764
"336","Kootenay Boundary",2021-09-01,2.27078158532364,3.14824783662167,0.877466251298027
"337","Kootenay Boundary",2021-10-01,0.0722964038072259,0.725447263017356,0.65315085921013
"338","Kootenay Boundary",2021-11-01,0.117199751448765,0.589829886443573,0.472630134994808
"339","Kootenay Boundary",2021-12-01,0,0.316831935673992,0.343431921414933
"340","Kootenay Boundary",2022-01-01,0,0.8507878894081,0.861031419670672
"341","Kootenay Boundary",2022-02-01,0,0.543809747764044,0.628481547489676
"342","Kootenay Boundary",2022-03-01,0,0.917618776550552,0.932152829698858
"343","Kootenay Boundary",2022-04-01,0.035595561971819,0.52839337436365,0.492797812391831
"344","Kootenay Boundary",2022-05-01,0.065642745831042,0.788297599413597,0.722654853582555
"345","Kootenay Boundary",2022-06-01,0,0.548639460020768,0.619213577362409
"346","Kootenay Boundary",2022-07-01,0.365607551462953,1.30566316199377,0.940055610530817
"347","Kootenay Boundary",2022-08-01,5.62182831258098,7.73740285292671,2.11557454034573
"348","Kootenay Boundary",2022-09-01,7.27894990623014,8.50057177936595,1.22162187313581
"349","Kootenay Boundary",2022-10-01,3.81360107232924,5.08186438213915,1.26826330980991
"350","Kootenay Boundary",2022-11-01,0.439193350107836,0.856408978352904,0.417215628245068
"351","Kootenay Boundary",2022-12-01,0.00674039132255,0.289665466149989,0.282925074827439
"352","Kootenay Boundary",2023-01-01,0,0.426993146417446,0.456846479750779
"353","Kootenay Boundary",2023-02-01,0,0.466160064315144,0.684675789942145
"354","Kootenay Boundary",2023-03-01,0.083249035272837,0.527636292834891,0.444387257562054
"355","Kootenay Boundary",2023-04-01,0.1046986362063,0.70567738317757,0.60097874697127
"356","Kootenay Boundary",2023-05-01,1.52568346038446,2.70993588584062,1.18425242545616
"357","Kootenay Boundary",2023-06-01,1.64471802849211,2.55892285138354,0.914204822891427
"358","Kootenay Boundary",2023-07-01,4.49510972926381,5.3474513468939,0.852341617630091
"359","Kootenay Boundary",2023-08-01,12.9501919349,14.1651106421465,1.2149187072465
"360","Kootenay Boundary",2023-09-01,1.48214860887313,2.70540186915888,1.22325326028575
"361","North Shore/Coast Garibaldi",2018-03-01,0,0.254722034704065,0.356093661102464
"362","North Shore/Coast Garibaldi",2018-04-01,0.093796588826531,0.592622278958795,0.498825690132264
"363","North Shore/Coast Garibaldi",2018-05-01,0,1.28823151657806,1.29016775267028
"364","North Shore/Coast Garibaldi",2018-06-01,0.099291978448618,0.627241340622772,0.527949362174154
"365","North Shore/Coast Garibaldi",2018-07-01,0.206131030312389,0.921687658780082,0.715556628467693
"366","North Shore/Coast Garibaldi",2018-08-01,74.2878768406517,75.4222830131599,1.13440617250819
"367","North Shore/Coast Garibaldi",2018-09-01,1.42915005317934,1.88298963165965,0.453839578480311
"368","North Shore/Coast Garibaldi",2018-10-01,0.377276312071964,1.07651761957022,0.699241307498256
"369","North Shore/Coast Garibaldi",2018-11-01,0,0.143586213453768,0.277821630615641
"370","North Shore/Coast Garibaldi",2019-04-01,0.010468941837592,0.397503431780366,0.387034489942774
"371","North Shore/Coast Garibaldi",2019-05-01,0.69214049687603,1.48632243558034,0.79418193870431
"372","North Shore/Coast Garibaldi",2019-06-01,0,0.528879386208172,0.648904437049362
"373","North Shore/Coast Garibaldi",2019-07-01,0.221784966676098,0.684939572257619,0.463154605581521
"374","North Shore/Coast Garibaldi",2019-08-01,0.161192389589406,0.767789917704726,0.60659752811532
"375","North Shore/Coast Garibaldi",2019-09-01,0,0.531575961632573,0.66408560177482
"376","North Shore/Coast Garibaldi",2019-10-01,0,0.301478056897042,0.332905061456712
"377","North Shore/Coast Garibaldi",2019-11-01,0,0.455095012585861,0.480712789794786
"378","North Shore/Coast Garibaldi",2020-03-01,0,0.13804335631091,0.411962632172186
"379","North Shore/Coast Garibaldi",2020-04-01,0.011877809206877,0.535782778702163,0.523904969495286
"380","North Shore/Coast Garibaldi",2020-05-01,0.070940897339559,0.765955088740987,0.695014191401428
"381","North Shore/Coast Garibaldi",2020-06-01,0,0.40856884901975,0.439996394897393
"382","North Shore/Coast Garibaldi",2020-07-01,0.079321351635746,0.545068482761289,0.465747131125543
"383","North Shore/Coast Garibaldi",2020-08-01,0,0.561101913477537,0.583970704739413
"384","North Shore/Coast Garibaldi",2020-09-01,9.46029866274883,10.2654016355719,0.805102972823073
"385","North Shore/Coast Garibaldi",2020-10-01,0.303074844345446,0.762281489184692,0.459206644839246
"386","North Shore/Coast Garibaldi",2020-11-01,0.022692981538706,0.229821744711196,0.20712876317249
"387","North Shore/Coast Garibaldi",2020-12-01,0.009106935113955,0.421313558483608,0.412206623369653
"388","North Shore/Coast Garibaldi",2021-01-01,0,0.267986345989008,0.296087316837529
"389","North Shore/Coast Garibaldi",2021-02-01,0.000335802808127977,0.179477721039647,0.179141918231519
"390","North Shore/Coast Garibaldi",2021-03-01,6.84470164579731e-05,0.470890818333081,0.470822371316623
"391","North Shore/Coast Garibaldi",2021-04-01,0,0.483410037035049,0.516270926234054
"392","North Shore/Coast Garibaldi",2021-05-01,0,0.471421062934325,0.472672942944555
"393","North Shore/Coast Garibaldi",2021-06-01,0,0.541660705745276,0.576106206322795
"394","North Shore/Coast Garibaldi",2021-07-01,0.30481350437443,1.04559068219634,0.74077717782191
"395","North Shore/Coast Garibaldi",2021-08-01,0.689536977270651,1.37068728589606,0.681150308625409
"396","North Shore/Coast Garibaldi",2021-09-01,0.137770377765452,0.628767116534171,0.490996738768719
"397","North Shore/Coast Garibaldi",2021-10-01,0.018834073778725,0.292271119562634,0.273437045783909
"398","North Shore/Coast Garibaldi",2021-11-01,0,0.23186843432988,0.249833444259567
"399","North Shore/Coast Garibaldi",2021-12-01,0.000630954874686007,0.151684062598372,0.151053107723686
"400","North Shore/Coast Garibaldi",2022-01-01,0.00402234272244706,0.705413040765391,0.701390698042944
"401","North Shore/Coast Garibaldi",2022-02-01,0,0.317640319896946,0.43952556591727
"402","North Shore/Coast Garibaldi",2022-03-01,0,0.486180169414612,0.505116819190239
"403","North Shore/Coast Garibaldi",2022-04-01,0.018761544489987,0.328056393815186,0.309294849325199
"404","North Shore/Coast Garibaldi",2022-05-01,0.00477133405109204,0.402130468826466,0.397359134775374
"405","North Shore/Coast Garibaldi",2022-06-01,0.034276867258273,0.379123608800148,0.344846741541875
"406","North Shore/Coast Garibaldi",2022-07-01,0.025111662751624,0.536426164725458,0.511314501973834
"407","North Shore/Coast Garibaldi",2022-08-01,1.11363151404007,2.38897539189071,1.27534387785064
"408","North Shore/Coast Garibaldi",2022-09-01,1.54346888310888,2.46779561515122,0.924326732042341
"409","North Shore/Coast Garibaldi",2022-10-01,1.80707854747001,2.70498238121649,0.897903833746477
"410","North Shore/Coast Garibaldi",2022-11-01,0.033128226460173,0.406360339604932,0.373232113144759
"411","North Shore/Coast Garibaldi",2022-12-01,0.020695237254027,0.22384015259121,0.203144915337183
"412","North Shore/Coast Garibaldi",2023-01-01,0,0.321734099732769,0.328979778147532
"413","North Shore/Coast Garibaldi",2023-02-01,0,0.159285942783533,0.217371155217495
"414","North Shore/Coast Garibaldi",2023-03-01,0.186548530674682,0.678478078202995,0.491929547528313
"415","North Shore/Coast Garibaldi",2023-04-01,0.17483403956369,0.636908618968386,0.462074579404696
"416","North Shore/Coast Garibaldi",2023-05-01,0.94940556292508,2.22970404165101,1.28029847872593
"417","North Shore/Coast Garibaldi",2023-06-01,0.231045324604236,0.861255554468043,0.630210229863807
"418","North Shore/Coast Garibaldi",2023-07-01,2.94496191895135,3.54457355388079,0.599611634929439
"419","North Shore/Coast Garibaldi",2023-08-01,8.15677843374269,8.8424037357093,0.685625301966616
"420","North Shore/Coast Garibaldi",2023-09-01,0.089544230879568,0.601194675540765,0.511650444661197
"421","North Vancouver Island",2018-03-01,0,0.301344455097475,0.352359558345962
"422","North Vancouver Island",2018-04-01,0.115368007751738,0.629628094843581,0.514260087091843
"423","North Vancouver Island",2018-05-01,0,1.07299128062422,1.14702273219312
"424","North Vancouver Island",2018-06-01,0.038031400873549,0.507495353147971,0.469463952274422
"425","North Vancouver Island",2018-07-01,0.175898636762284,0.863407999126971,0.687509362364687
"426","North Vancouver Island",2018-08-01,34.5415954693066,35.4155840959935,0.873988626686873
"427","North Vancouver Island",2018-09-01,0.173375116901346,0.574090239943852,0.400715123042506
"428","North Vancouver Island",2018-10-01,0.30844919581316,1.03929190346994,0.73084270765678
"429","North Vancouver Island",2018-11-01,0,0.22938497922659,0.35516322147651
"430","North Vancouver Island",2019-04-01,0.040539447969555,0.470309451901566,0.429770003932011
"431","North Vancouver Island",2019-05-01,0.384447895589892,1.16550321059314,0.781055315003248
"432","North Vancouver Island",2019-06-01,0,0.443350758140691,0.575777926920209
"433","North Vancouver Island",2019-07-01,0.129464989632995,0.515728051508703,0.386263061875708
"434","North Vancouver Island",2019-08-01,0.248722099386515,0.790006046314771,0.541283946928256
"435","North Vancouver Island",2019-09-01,0,0.561168048427425,0.635050991797166
"436","North Vancouver Island",2019-10-01,0,0.313356359469635,0.3690911308364
"437","North Vancouver Island",2019-11-01,0,0.448596959788906,0.492725473527219
"438","North Vancouver Island",2020-03-01,0,0.170761265580058,0.384188511221765
"439","North Vancouver Island",2020-04-01,0,0.455716750559284,0.467623594332588
"440","North Vancouver Island",2020-05-01,0.045416251713935,0.787787919463087,0.742371667749152
"441","North Vancouver Island",2020-06-01,0,0.431997159809357,0.473103475018643
"442","North Vancouver Island",2020-07-01,0.054843780072535,0.488079891785027,0.433236111712492
"443","North Vancouver Island",2020-08-01,0,0.530354399701715,0.539139250920113
"444","North Vancouver Island",2020-09-01,10.7296101642153,11.401357323052,0.671747158836689
"445","North Vancouver Island",2020-10-01,0.275571379086382,0.729831767337807,0.454260388251425
"446","North Vancouver Island",2020-11-01,0.012780029828486,0.252279552572707,0.239499522744221
"447","North Vancouver Island",2020-12-01,0.034166427739712,0.554480391801197,0.520313964061485
"448","North Vancouver Island",2021-01-01,0,0.319678015049827,0.354032806523779
"449","North Vancouver Island",2021-02-01,0.00904140080007901,0.188536079611201,0.179494678811122
"450","North Vancouver Island",2021-03-01,0.034197722188326,0.455790115924344,0.421592393736018
"451","North Vancouver Island",2021-04-01,0.0165018200187631,0.527084996752544,0.510583176733781
"452","North Vancouver Island",2021-05-01,0.016753614439931,0.499697065403343,0.482943450963412
"453","North Vancouver Island",2021-06-01,0,0.471267093645839,0.510693743475019
"454","North Vancouver Island",2021-07-01,0.074106484488386,0.672413621675367,0.598307137186981
"455","North Vancouver Island",2021-08-01,0,0.519575733649164,0.590627408529985
"456","North Vancouver Island",2021-09-01,0.024413288590604,0.481431767337808,0.457018478747204
"457","North Vancouver Island",2021-10-01,0.032388044206641,0.32853342921061,0.296145385003969
"458","North Vancouver Island",2021-11-01,0.025729162156311,0.278141242693224,0.252412080536913
"459","North Vancouver Island",2021-12-01,0,0.127557258600883,0.143502327343581
"460","North Vancouver Island",2022-01-01,0.041382646212847,0.885909395973154,0.844526749760307
"461","North Vancouver Island",2022-02-01,0,0.37052516417695,0.462360022891629
"462","North Vancouver Island",2022-03-01,0,0.429628289607484,0.43833629753915
"463","North Vancouver Island",2022-04-01,0.028987384005384,0.379233349702625,0.350245965697241
"464","North Vancouver Island",2022-05-01,0,0.312357152256876,0.317606872483222
"465","North Vancouver Island",2022-06-01,0.046884688043749,0.404948222719364,0.358063534675615
"466","North Vancouver Island",2022-07-01,0.000708401873052988,0.447961549217002,0.447253147343949
"467","North Vancouver Island",2022-08-01,0.98159751167629,2.10445060638173,1.12285309470544
"468","North Vancouver Island",2022-09-01,1.42173267479203,2.25534912488485,0.833616450092817
"469","North Vancouver Island",2022-10-01,1.58198438823703,2.44083084762615,0.858846459389125
"470","North Vancouver Island",2022-11-01,0.100880916939138,0.557662777490965,0.456781860551827
"471","North Vancouver Island",2022-12-01,0.010108363851897,0.177212789872865,0.167104426020968
"472","North Vancouver Island",2023-01-01,0,0.387029055657244,0.391450246085011
"473","North Vancouver Island",2023-02-01,0,0.152408544417984,0.283006088207095
"474","North Vancouver Island",2023-03-01,0.169341035216858,0.655264597315436,0.485923562098578
"475","North Vancouver Island",2023-04-01,0.103709096031154,0.450526562266965,0.346817466235811
"476","North Vancouver Island",2023-05-01,0.58875781245167,1.63033066320271,1.04157285075104
"477","North Vancouver Island",2023-06-01,0.167151197282293,0.689409395973154,0.522258198690861
"478","North Vancouver Island",2023-07-01,0.576649902277594,1.02601263324122,0.449362730963626
"479","North Vancouver Island",2023-08-01,5.29979544039461,5.92132323013639,0.621527789741776
"480","North Vancouver Island",2023-09-01,0.03171424604093,0.465976669862576,0.434262423821646
"481","Northeast",2018-03-01,0,0.323101690034104,0.658898687430478
"482","Northeast",2018-04-01,0,0.684148141319052,0.697425597307308
"483","Northeast",2018-05-01,0.621202751608519,1.51677833473507,0.895575583126551
"484","Northeast",2018-06-01,0.351437465201465,0.880713500568397,0.529276035366932
"485","Northeast",2018-07-01,0.397890136422099,0.843991677557094,0.446101541134995
"486","Northeast",2018-08-01,26.4415115884783,26.9993747287196,0.557863140241294
"487","Northeast",2018-09-01,0.239981561970146,0.73038747178447,0.490405909814324
"488","Northeast",2018-10-01,0.5617770760383,1.21988100005644,0.65810392401814
"489","Northeast",2018-11-01,0,0.0828477453580902,0.254931048629531
"490","Northeast",2019-04-01,0,0.498857181697613,0.509995803032805
"491","Northeast",2019-05-01,4.49298827021939,5.17634717327407,0.683358903054676
"492","Northeast",2019-06-01,0.632494340111993,1.06150016504568,0.429005824933687
"493","Northeast",2019-07-01,6.4758755040163,7.02129147958854,0.54541597557224
"494","Northeast",2019-08-01,0.250955470583841,0.7620568241451,0.511101353561259
"495","Northeast",2019-09-01,0,0.397293287564363,0.475772014146773
"496","Northeast",2019-10-01,0,0.218520251018956,0.294604641054163
"497","Northeast",2019-11-01,0.00964463660477499,0.189057400530504,0.179412763925729
"498","Northeast",2020-03-01,0,0.116643577112543,0.46319643364422
"499","Northeast",2020-04-01,0.044366979221927,0.437004542440318,0.392637563218391
"500","Northeast",2020-05-01,0.0318670917828929,0.727983320070734,0.696116228287841
"501","Northeast",2020-06-01,0.028714639295737,0.467300223734287,0.43858558443855
"502","Northeast",2020-07-01,0.027985035967214,0.484017410400345,0.456032374433131
"503","Northeast",2020-08-01,0.013627065685519,0.629274314765694,0.615647249080175
"504","Northeast",2020-09-01,1.10519789100213,1.57597575483944,0.470777863837312
"505","Northeast",2020-10-01,0.025254316904823,0.346905495137047,0.321651178232224
"506","Northeast",2020-11-01,0.021161728937729,0.188237308071239,0.16707557913351
"507","Northeast",2020-12-01,0,0.277167206251344,0.290210746983828
"508","Northeast",2021-01-01,0,0.193094227152158,0.202147856592795
"509","Northeast",2021-02-01,0,0.146073187597183,0.153575835543767
"510","Northeast",2021-03-01,0,0.339608648822442,0.367245667836057
"511","Northeast",2021-04-01,0.093972744530961,0.554527478394798,0.460554733863837
"512","Northeast",2021-05-01,0.10152482003634,0.70975259790919,0.60822777787285
"513","Northeast",2021-06-01,0.143137695709855,0.594588753181119,0.451451057471264
"514","Northeast",2021-07-01,2.11542691930572,2.67154769623735,0.556120776931633
"515","Northeast",2021-08-01,0,0.630929130909658,0.813997528878241
"516","Northeast",2021-09-01,0,0.253041045289321,0.289654182139699
"517","Northeast",2021-10-01,0.327646986272904,0.710796824554756,0.383149838281852
"518","Northeast",2021-11-01,0,0.174511980833405,0.208613050397878
"519","Northeast",2021-12-01,0,0.133075599684565,0.143565935655001
"520","Northeast",2022-01-01,0,0.224179396551724,0.229628394593912
"521","Northeast",2022-02-01,0,0.206512987079661,0.248431208438714
"522","Northeast",2022-03-01,0,0.350201909814324,0.394786450044209
"523","Northeast",2022-04-01,0.043161445213603,0.561335860775053,0.51817441556145
"524","Northeast",2022-05-01,0,0.494262412232798,0.507949254111406
"525","Northeast",2022-06-01,0.363620542292956,0.878755909224875,0.515135366931919
"526","Northeast",2022-07-01,0.551148123342175,0.951668866047745,0.40052074270557
"527","Northeast",2022-08-01,2.10889105769573,3.18975909535111,1.08086803765538
"528","Northeast",2022-09-01,2.52656225135531,3.02391078795444,0.497348536599131
"529","Northeast",2022-10-01,1.52986802793266,1.93447618037135,0.404608152438694
"530","Northeast",2022-11-01,0.021981422498809,0.230455732843637,0.208474310344828
"531","Northeast",2022-12-01,0.00204218549372201,0.205870976256712,0.20382879076299
"532","Northeast",2023-01-01,0,0.225499101358412,0.275775232537577
"533","Northeast",2023-02-01,0.013639115867448,0.182982151108069,0.169343035240621
"534","Northeast",2023-03-01,0.206588218533414,0.672620185676393,0.466031967142979
"535","Northeast",2023-04-01,0.024494637980155,0.497156357206012,0.472661719225857
"536","Northeast",2023-05-01,26.2085880203889,27.3091061863609,1.10051816597196
"537","Northeast",2023-06-01,23.7032618831158,24.201315275394,0.49805339227822
"538","Northeast",2023-07-01,49.1026016853615,49.7403936963645,0.637792011003046
"539","Northeast",2023-08-01,14.3112717870423,14.8900608197142,0.578789032671851
"540","Northeast",2023-09-01,16.0855593628726,16.4546220538083,0.369062690935699
"541","Northern Interior",2018-03-01,0,0.313602063850371,0.558780612393505
"542","Northern Interior",2018-04-01,0.035294188081097,0.833953602618009,0.798659414536912
"543","Northern Interior",2018-05-01,0.20554205474441,1.33751840004405,1.13197634529964
"544","Northern Interior",2018-06-01,0.560310588519829,1.11030506933247,0.549994480812641
"545","Northern Interior",2018-07-01,0.772501081135825,1.31214761878544,0.539646537649615
"546","Northern Interior",2018-08-01,96.420082542052,97.1321365688488,0.712054026796767
"547","Northern Interior",2018-09-01,1.54884134931173,2.05632828309653,0.507486933784801
"548","Northern Interior",2018-10-01,1.2916498630415,2.37767323375438,1.08602337071288
"549","Northern Interior",2018-11-01,0,0.123062818445663,0.350002091798345
"550","Northern Interior",2019-04-01,0.0471525698680321,0.707234135158014,0.660081565289982
"551","Northern Interior",2019-05-01,1.74847089940191,2.54888153254835,0.800410633146436
"552","Northern Interior",2019-06-01,0.17425636192626,0.658180963130173,0.483924601203913
"553","Northern Interior",2019-07-01,1.28989425736248,1.79137235038265,0.501478093020173
"554","Northern Interior",2019-08-01,0.192630066434271,0.79197716429748,0.599347097863209
"555","Northern Interior",2019-09-01,0,0.460716146594078,0.626056531226486
"556","Northern Interior",2019-10-01,0,0.271230072124649,0.346666274666861
"557","Northern Interior",2019-11-01,0,0.300956908028014,0.313413577878104
"558","Northern Interior",2020-03-01,0,0.25747413737504,0.493724419282021
"559","Northern Interior",2020-04-01,0.04278592268623,0.524934692437923,0.482148769751693
"560","Northern Interior",2020-05-01,0.056346969586641,0.853418246802107,0.797071277215466
"561","Northern Interior",2020-06-01,1.03423626779953e-05,0.402018284424379,0.402007942061701
"562","Northern Interior",2020-07-01,0.03997709548719,0.47315904771904,0.43318195223185
"563","Northern Interior",2020-08-01,0.014033032051748,0.631566262227238,0.61753323017549
"564","Northern Interior",2020-09-01,3.22723729535886,4.04994313433553,0.822705838976674
"565","Northern Interior",2020-10-01,0.048042226904779,0.532364705605718,0.484322478700939
"566","Northern Interior",2020-11-01,0.02718482854993,0.279985295066108,0.252800466516178
"567","Northern Interior",2020-12-01,0.0202136833549491,0.512334268806052,0.492120585451103
"568","Northern Interior",2021-01-01,0.023438945230356,0.34250329023873,0.319064345008374
"569","Northern Interior",2021-02-01,0,0.210559819413093,0.243440031441471
"570","Northern Interior",2021-03-01,0,0.427582768999248,0.462267731012889
"571","Northern Interior",2021-04-01,0.00407630901235501,0.64397382218015,0.639897513167795
"572","Northern Interior",2021-05-01,0.043490147176616,0.586465130792723,0.542974983616107
"573","Northern Interior",2021-06-01,0.0240439825543309,0.580879554412871,0.55683557185854
"574","Northern Interior",2021-07-01,4.93015001483316,5.64381698854611,0.713666973712954
"575","Northern Interior",2021-08-01,0.213806713326851,0.949833488248572,0.736026774921721
"576","Northern Interior",2021-09-01,0.056583556558816,0.45291472284926,0.396331166290444
"577","Northern Interior",2021-10-01,0.146453419552486,0.459628563366656,0.31317514381417
"578","Northern Interior",2021-11-01,0.00173557355761,0.27387331245904,0.27213773890143
"579","Northern Interior",2021-12-01,0.00573317536571,0.2172740040266,0.21154082866089
"580","Northern Interior",2022-01-01,0,0.501221268340858,0.508947285821778
"581","Northern Interior",2022-02-01,0,0.309795456200393,0.38077073862145
"582","Northern Interior",2022-03-01,0.00684335111840806,0.614353114098092,0.607509762979684
"583","Northern Interior",2022-04-01,0.031777727614747,0.430415575620767,0.39863784800602
"584","Northern Interior",2022-05-01,0.00327896720223103,0.431406154561147,0.428127187358916
"585","Northern Interior",2022-06-01,0.130483220466516,0.511950094055681,0.381466873589165
"586","Northern Interior",2022-07-01,0.0763566085181249,0.566422615688488,0.490066007170363
"587","Northern Interior",2022-08-01,1.25158272869799,2.66064981584888,1.40906708715089
"588","Northern Interior",2022-09-01,1.08983126354331,1.76234018722613,0.67250892368282
"589","Northern Interior",2022-10-01,1.15440572498375,1.98077089290193,0.826365167918183
"590","Northern Interior",2022-11-01,0.166466770851421,0.480695965734792,0.314229194883371
"591","Northern Interior",2022-12-01,0.01637848945227,0.30096625557452,0.28458776612225
"592","Northern Interior",2023-01-01,0,0.290377310349545,0.325854582392777
"593","Northern Interior",2023-02-01,0,0.220753564406903,0.228480099161561
"594","Northern Interior",2023-03-01,0.117158311184738,0.602790998871332,0.485632687686594
"595","Northern Interior",2023-04-01,0.245304899255915,0.815350413844996,0.570045514589081
"596","Northern Interior",2023-05-01,8.86783786122585,10.1647422267531,1.29690436552725
"597","Northern Interior",2023-06-01,3.82586342279074,4.41041196388262,0.584548541091882
"598","Northern Interior",2023-07-01,22.077295012467,22.6725068384013,0.595211825934286
"599","Northern Interior",2023-08-01,14.4913740419117,15.1791067501638,0.687732708252102
"600","Northern Interior",2023-09-01,6.03391474885743,6.47930062882941,0.445385879971978
"601","Northwest",2018-03-01,0,0.162921467361188,0.232438396856778
"602","Northwest",2018-04-01,0.041164953071194,0.41743215944632,0.376267206375126
"603","Northwest",2018-05-01,0.0956585997598759,0.72922121894454,0.633562619184664
"604","Northwest",2018-06-01,0.066492181092763,0.373909364956223,0.30741718386346
"605","Northwest",2018-07-01,0.197773882947025,0.554622081780166,0.356848198833141
"606","Northwest",2018-08-01,15.8647182305045,16.2372411665139,0.37252293600941
"607","Northwest",2018-09-01,0.293812091908912,0.58262930680418,0.288817214895268
"608","Northwest",2018-10-01,0.20229726448333,0.567443154020105,0.365145889536775
"609","Northwest",2018-11-01,0,0.0411378920536407,0.121859433669511
"610","Northwest",2019-04-01,0,0.23367969840962,0.295806026839085
"611","Northwest",2019-05-01,0.714643593331812,1.23009718826662,0.515453594934808
"612","Northwest",2019-06-01,0.454233439358676,0.69626327902767,0.242029839668994
"613","Northwest",2019-07-01,2.26344749726888,2.64109814755246,0.37765065028358
"614","Northwest",2019-08-01,0.372739802914759,0.721316260247835,0.348576457333076
"615","Northwest",2019-09-01,0,0.228007621046867,0.294324072924748
"616","Northwest",2019-10-01,0,0.128755412590588,0.139629057283716
"617","Northwest",2019-11-01,0.008210348709992,0.123409810825327,0.115199462115335
"618","Northwest",2020-03-01,0,0.131799357198271,0.375337330764033
"619","Northwest",2020-04-01,0.00262415050426704,0.250545500387898,0.247921349883631
"620","Northwest",2020-05-01,0.040855683533956,0.52817735324541,0.487321669711454
"621","Northwest",2020-06-01,0,0.207898927378824,0.21255269200931
"622","Northwest",2020-07-01,0.00786399111414798,0.159917938910639,0.152053947796491
"623","Northwest",2020-08-01,0,0.22828044996121,0.248051027302986
"624","Northwest",2020-09-01,1.06672581752857,1.44942568047142,0.38269986294285
"625","Northwest",2020-10-01,0,0.211587234936643,0.216651843139218
"626","Northwest",2020-11-01,0.00217796446119201,0.103627667073036,0.101449702611844
"627","Northwest",2020-12-01,0,0.188297368586585,0.197816914837709
"628","Northwest",2021-01-01,0.012768085166084,0.135681181089405,0.122913095923321
"629","Northwest",2021-02-01,0,0.0986614483293652,0.0991174941815361
"630","Northwest",2021-03-01,0,0.23338132449397,0.251699822317876
"631","Northwest",2021-04-01,0.089642975883614,0.584701103631222,0.495058127747608
"632","Northwest",2021-05-01,0,0.323469068589422,0.342486523686779
"633","Northwest",2021-06-01,0.047691901030343,0.28309262251987,0.235400721489527
"634","Northwest",2021-07-01,0.179451307219529,0.516288825675947,0.336837518456418
"635","Northwest",2021-08-01,0,0.208295486697394,0.271226957631572
"636","Northwest",2021-09-01,0.00571614199925299,0.148949343447404,0.143233201448151
"637","Northwest",2021-10-01,0.045150165526808,0.175149202039233,0.129999036512425
"638","Northwest",2021-11-01,0,0.093961915963863,0.107052345487458
"639","Northwest",2021-12-01,0.00983942747397211,0.102589212253371,0.0927497847793989
"640","Northwest",2022-01-01,0,0.152033005236618,0.155317133990912
"641","Northwest",2022-02-01,0,0.152881163192272,0.190704389557436
"642","Northwest",2022-03-01,0,0.263104351505748,0.279684888156193
"643","Northwest",2022-04-01,0.013317210669391,0.204387704592329,0.191070493922938
"644","Northwest",2022-05-01,0,0.227459772737644,0.244885927075252
"645","Northwest",2022-06-01,0.320239561244721,0.614056189121628,0.293816627876907
"646","Northwest",2022-07-01,0.203033667324571,0.455316306245151,0.25228263892058
"647","Northwest",2022-08-01,0.270880355248547,0.747364174594749,0.476483819346202
"648","Northwest",2022-09-01,0.105500179141693,0.46104391913476,0.355543739993067
"649","Northwest",2022-10-01,0.24517254599797,0.52506613222998,0.27989358623201
"650","Northwest",2022-11-01,0.00228555678224099,0.154752708320901,0.15246715153866
"651","Northwest",2022-12-01,0.008029340492465,0.108957130693107,0.100927790200642
"652","Northwest",2023-01-01,0,0.137984756799962,0.144985202999741
"653","Northwest",2023-02-01,0.000792677941318404,0.0957645636777697,0.0949718857364513
"654","Northwest",2023-03-01,0.085321220657423,0.392464580100853,0.30714335944343
"655","Northwest",2023-04-01,0.109427498204177,0.384544344453064,0.275116846248887
"656","Northwest",2023-05-01,1.30741932605921,2.06489151380165,0.757472187742436
"657","Northwest",2023-06-01,0.337962962962963,0.66622265321955,0.328259690256587
"658","Northwest",2023-07-01,6.38027346611432,6.80170077123169,0.421427305117375
"659","Northwest",2023-08-01,2.55814744332887,2.91832157961911,0.360174136290239
"660","Northwest",2023-09-01,0.509802879996331,0.713106948908345,0.203304068912014
"661","Okanagan",2018-03-01,0,0.76403658099223,1.06478061816709
"662","Okanagan",2018-04-01,0.117410211658771,0.930449128700161,0.81303891704139
"663","Okanagan",2018-05-01,0,1.79863516685376,1.81190201106762
"664","Okanagan",2018-06-01,0.10530508069337,1.02268098027496,0.91737589958159
"665","Okanagan",2018-07-01,3.0536644805994,4.04968817226248,0.996023691663082
"666","Okanagan",2018-08-01,54.4369171106394,56.7050266260936,2.26810951545418
"667","Okanagan",2018-09-01,4.75843113134794,5.68649894166872,0.928067810320781
"668","Okanagan",2018-10-01,1.72514391352668,4.17292064452951,2.44777673100283
"669","Okanagan",2018-11-01,0,0.612206096832038,1.03493662482566
"670","Okanagan",2019-04-01,0.122651795472979,0.934596809623431,0.811945014150452
"671","Okanagan",2019-05-01,0.85468973162662,1.97913024991519,1.12444051828857
"672","Okanagan",2019-06-01,0,0.867695211529521,0.872491269177127
"673","Okanagan",2019-07-01,0.222423492673355,0.96171486886417,0.739291376190815
"674","Okanagan",2019-08-01,0.8079111027615,1.94848743639037,1.14057633362887
"675","Okanagan",2019-09-01,0,1.04097238493724,1.09591684797768
"676","Okanagan",2019-10-01,0.102410015505203,0.754559077456883,0.65214906195168
"677","Okanagan",2019-11-01,0,1.31520266065873,1.37021687587169
"678","Okanagan",2020-03-01,0,0.431678900179319,0.931112835740316
"679","Okanagan",2020-04-01,0.087924058577406,0.953926150627615,0.866002092050209
"680","Okanagan",2020-05-01,0.071126227111171,0.894193793584379,0.823067566473208
"681","Okanagan",2020-06-01,0,0.725743969437875,0.744117935843794
"682","Okanagan",2020-07-01,0.347408474922079,1.07470530310402,0.727296828181941
"683","Okanagan",2020-08-01,0.91564104917442,2.07528172942817,1.15964068025375
"684","Okanagan",2020-09-01,16.9251185827472,18.2271172438351,1.30199866108787
"685","Okanagan",2020-10-01,0.75471876209116,1.75939815202232,1.00467938993116
"686","Okanagan",2020-11-01,0.209037206614865,1.01255985654513,0.803522649930265
"687","Okanagan",2020-12-01,0.01006794439195,1.35825774058577,1.34818979619382
"688","Okanagan",2021-01-01,0.28944055591684,1.71879021174084,1.429349655824
"689","Okanagan",2021-02-01,0.110037729043428,0.986531871302842,0.876494142259414
"690","Okanagan",2021-03-01,0.123077457801117,1.01466844173957,0.891590983938453
"691","Okanagan",2021-04-01,0.000347558374948931,0.843299608584154,0.842952050209205
"692","Okanagan",2021-05-01,0.00702780719792306,0.790427024366232,0.783399217168309
"693","Okanagan",2021-06-01,0.047589221208212,0.863640643802354,0.816051422594142
"694","Okanagan",2021-07-01,25.8817771829057,27.4921214938788,1.61034431097314
"695","Okanagan",2021-08-01,12.007462480449,13.4036455820822,1.39618310163315
"696","Okanagan",2021-09-01,1.32036081512475,2.15842739810941,0.838066582984658
"697","Okanagan",2021-10-01,0.170755133717679,0.916578780633592,0.745823646915913
"698","Okanagan",2021-11-01,0.166910697799973,0.921244756377379,0.754334058577406
"699","Okanagan",2021-12-01,0,0.763199129254778,0.763389168578756
"700","Okanagan",2022-01-01,0.0216396717473599,1.66509231171548,1.64345263996812
"701","Okanagan",2022-02-01,0,0.792503765690377,0.966487496351075
"702","Okanagan",2022-03-01,0,1.1122,1.1294430264993
"703","Okanagan",2022-04-01,0.02858531777619,0.5955074191244,0.56692210134821
"704","Okanagan",2022-05-01,0.114950470095988,0.885907457543687,0.770956987447699
"705","Okanagan",2022-06-01,0,0.521573175267318,0.59697489539749
"706","Okanagan",2022-07-01,0.34602294179178,1.35906197698745,1.01303903519567
"707","Okanagan",2022-08-01,5.05023748677626,7.39524091609778,2.34500342932152
"708","Okanagan",2022-09-01,9.05917914757461,10.4859809992616,1.42680185168699
"709","Okanagan",2022-10-01,6.90547915539995,8.51122561599256,1.60574646059261
"710","Okanagan",2022-11-01,0.56051136144191,1.53486505739728,0.97435369595537
"711","Okanagan",2022-12-01,0.0681533986060999,0.931083253393203,0.862929854787103
"712","Okanagan",2023-01-01,0,0.967574946113858,1.02794926080893
"713","Okanagan",2023-02-01,0,0.582137670400864,0.84537931858936
"714","Okanagan",2023-03-01,0.134911578823053,0.760259048117155,0.625347469294102
"715","Okanagan",2023-04-01,0.14253626530296,0.807610990237099,0.665074724934139
"716","Okanagan",2023-05-01,0.72416649056167,2.12286840329329,1.39870191273162
"717","Okanagan",2023-06-01,0.792678847047887,1.72332217573222,0.930643328684333
"718","Okanagan",2023-07-01,2.81895646894741,3.69519468373123,0.876238214783821
"719","Okanagan",2023-08-01,32.8114769791987,33.8587377513835,1.04726077218478
"720","Okanagan",2023-09-01,2.05952058041511,3.07491691572026,1.01539633530515
"721","Richmond",2018-03-01,0,7.23805714285714,9.59918709677419
"722","Richmond",2018-04-01,0.52573478627523,7.03706435882569,6.51132957255046
"723","Richmond",2018-05-01,0.78893910306844,10.6492487804878,9.86030967741936
"724","Richmond",2018-06-01,0.53866285714286,5.34338285714286,4.80472
"725","Richmond",2018-07-01,2.28709932286441,9.68124878048781,7.3941494576234
"726","Richmond",2018-08-01,25.7349495601173,37.4451818181818,11.7102322580645
"727","Richmond",2018-09-01,0.788809411764701,8.20059607843137,7.41178666666667
"728","Richmond",2018-10-01,2.2765592312972,15.5491914893617,13.2726322580645
"729","Richmond",2018-11-01,0,5.45885714285714,11.2976733333333
"730","Richmond",2019-04-01,0.84777999979655,6.172175,5.32439500020345
"731","Richmond",2019-05-01,1.49854036617263,8.50410810810811,7.00556774193548
"732","Richmond",2019-06-01,0.60884666666667,5.01303333333334,4.40418666666667
"733","Richmond",2019-07-01,1.00460733170894,6.04575609756098,5.04114876585204
"734","Richmond",2019-08-01,1.46295931074812,7.90564324324324,6.44268393249512
"735","Richmond",2019-09-01,1.10683882352941,7.91285882352941,6.80602
"736","Richmond",2019-10-01,0.178924468922119,8.98783414634147,8.80890967741935
"737","Richmond",2019-11-01,0.999771794871801,16.1736717948718,15.1739
"738","Richmond",2020-03-01,0,2.81851428571429,8.41361935483871
"739","Richmond",2020-04-01,1.54263666666666,8.69445,7.15181333333334
"740","Richmond",2020-05-01,0.96990564516129,7.176925,6.20701935483871
"741","Richmond",2020-06-01,1.12205043478261,7.13653043478261,6.01448
"742","Richmond",2020-07-01,1.46705011252814,6.75203720930233,5.28498709677419
"743","Richmond",2020-08-01,0.97613870967742,7.2775,6.30136129032258
"744","Richmond",2020-09-01,25.6279442553191,35.5474042553191,9.91946
"745","Richmond",2020-10-01,1.2412916666667,11.0560916666667,9.8148
"746","Richmond",2020-11-01,0.5322380952381,9.67961142857143,9.14737333333333
"747","Richmond",2020-12-01,0,11.9903567567568,12.7930451612903
"748","Richmond",2021-01-01,2.5883765395894,14.4419636363636,11.8535870967742
"749","Richmond",2021-02-01,1.2355275862069,8.0184275862069,6.7829
"750","Richmond",2021-03-01,1.69721368523951,10.1147878787879,8.41757419354839
"751","Richmond",2021-04-01,2.0768552688172,9.96374193548387,7.88688666666667
"752","Richmond",2021-05-01,2.24304098671727,8.86477647058824,6.62173548387097
"753","Richmond",2021-06-01,0.969785827137939,6.71574916047127,5.74596333333333
"754","Richmond",2021-07-01,1.93963464755078,8.35851851851852,6.41888387096774
"755","Richmond",2021-08-01,3.79889943074,10.4607058823529,6.6618064516129
"756","Richmond",2021-09-01,0.552658518518519,8.14385185185185,7.59119333333333
"757","Richmond",2021-10-01,0,6.70978571428571,7.47554838709677
"758","Richmond",2021-11-01,0,8.55778064516129,8.84184
"759","Richmond",2021-12-01,0.83334267654752,9.79993783783784,8.96659516129032
"760","Richmond",2022-01-01,0,14.8871375,16.0986952380952
"761","Richmond",2022-02-01,0,12.9628258064516,13.2085209302326
"762","Richmond",2022-03-01,0,10.4655545454545,11.1876
"763","Richmond",2022-04-01,0.23094330623306,6.66991219512195,6.43896888888889
"764","Richmond",2022-05-01,1.03438258823529,8.10547058823529,7.071088
"765","Richmond",2022-06-01,0.35130277777778,6.94244444444445,6.59114166666667
"766","Richmond",2022-07-01,2.18526764705882,11.99475,9.80948235294118
"767","Richmond",2022-08-01,0.9678470588235,11.523,10.5551529411765
"768","Richmond",2022-09-01,2.2840142678348,13.3784823529412,11.0944680851064
"769","Richmond",2022-10-01,3.2033616780046,19.3836555555556,16.180293877551
"770","Richmond",2022-11-01,0,12.1470256410256,12.3392
"771","Richmond",2022-12-01,0.0681256814921198,8.14156097560976,8.07343529411764
"772","Richmond",2023-01-01,0.377333333333299,12.7261333333333,12.3488
"773","Richmond",2023-02-01,0,7.16849032258065,7.87833571428571
"774","Richmond",2023-03-01,0.84750483870968,8.80255,7.95504516129032
"775","Richmond",2023-04-01,1.2728162962963,8.46032,7.1875037037037
"776","Richmond",2023-05-01,2.40007235023038,10.9442580645161,8.54418571428572
"777","Richmond",2023-06-01,1.67572854030501,7.81764705882353,6.14191851851852
"778","Richmond",2023-07-01,1.29125054466231,7.29517647058824,6.00392592592593
"779","Richmond",2023-08-01,6.02690213688977,12.8018064516129,6.77490431472313
"780","Richmond",2023-09-01,2.14707487684726,10.8895714285714,8.74249655172414
"781","South Vancouver Island",2018-03-01,0,2.63730322580645,3.3131121748179
"782","South Vancouver Island",2018-04-01,0.24233328089889,2.31379210076117,2.07145881986228
"783","South Vancouver Island",2018-05-01,0,3.195892368214,3.31626056191467
"784","South Vancouver Island",2018-06-01,0,1.33459465437788,1.48066387096774
"785","South Vancouver Island",2018-07-01,0.79993045405397,4.20658001573564,3.40664956168167
"786","South Vancouver Island",2018-08-01,20.8913917699366,25.1389824046921,4.24759063475546
"787","South Vancouver Island",2018-09-01,0.36785185325743,2.44097938013915,2.07312752688172
"788","South Vancouver Island",2018-10-01,1.00818577279873,5.39378119423473,4.385595421436
"789","South Vancouver Island",2018-11-01,0,0.823093087557604,2.67884731182796
"790","South Vancouver Island",2019-04-01,0.0750693546352601,1.81315725806452,1.73808790342926
"791","South Vancouver Island",2019-05-01,0.15330550383891,2.52940435919791,2.376098855359
"792","South Vancouver Island",2019-06-01,0.0913134767025099,1.36411111111111,1.2727976344086
"793","South Vancouver Island",2019-07-01,0.165613285872533,1.03609441384736,0.870481127974827
"794","South Vancouver Island",2019-08-01,0.28448965357795,1.57129346120314,1.28680380762519
"795","South Vancouver Island",2019-09-01,0.03710361796332,1.42927931688805,1.39217569892473
"796","South Vancouver Island",2019-10-01,0,2.10420487804878,2.25005140478668
"797","South Vancouver Island",2019-11-01,0.08110195202647,3.17723076923077,3.0961288172043
"798","South Vancouver Island",2020-03-01,0,0.884293087557604,1.66797752341311
"799","South Vancouver Island",2020-04-01,0.16858400537635,1.82037862903226,1.65179462365591
"800","South Vancouver Island",2020-05-01,0.0241118713146,1.69043091397849,1.66631904266389
"801","South Vancouver Island",2020-06-01,0.13195589527817,1.35027180925666,1.21831591397849
"802","South Vancouver Island",2020-07-01,0.20034485879535,1.31114298574644,1.11079812695109
"803","South Vancouver Island",2020-08-01,0.04757837322234,1.3074811827957,1.25990280957336
"804","South Vancouver Island",2020-09-01,17.1060463234958,19.2652738503775,2.15922752688172
"805","South Vancouver Island",2020-10-01,0.6573385882761,2.95761559139785,2.30027700312175
"806","South Vancouver Island",2020-11-01,0.2997738248848,2.3953802764977,2.0956064516129
"807","South Vancouver Island",2020-12-01,0.21065209663357,3.34588352223191,3.13523142559834
"808","South Vancouver Island",2021-01-01,0.56952809888689,3.21273704789834,2.64320894901145
"809","South Vancouver Island",2021-02-01,0.1293950023836,1.37333348164627,1.24393847926267
"810","South Vancouver Island",2021-03-01,0.26809777693691,2.58560703812317,2.31750926118626
"811","South Vancouver Island",2021-04-01,0.21526217828651,1.76508303850156,1.54982086021505
"812","South Vancouver Island",2021-05-01,0.20930714329436,1.69267779886148,1.48337065556712
"813","South Vancouver Island",2021-06-01,0.05515344420349,1.50743032592392,1.45227688172043
"814","South Vancouver Island",2021-07-01,0,1.21328554360812,1.40723163371488
"815","South Vancouver Island",2021-08-01,0.80149360347677,2.4114155597723,1.60992195629553
"816","South Vancouver Island",2021-09-01,0,1.70193070489845,1.75579053763441
"817","South Vancouver Island",2021-10-01,0.12843503790694,1.72619216589862,1.59775712799168
"818","South Vancouver Island",2021-11-01,0.511361144641,2.21873340270552,1.70737225806452
"819","South Vancouver Island",2021-12-01,0.00444961470315008,1.28421543156059,1.27976581685744
"820","South Vancouver Island",2022-01-01,0,4.02883911290323,4.29762795698925
"821","South Vancouver Island",2022-02-01,0,2.20091904266389,2.32027816954239
"822","South Vancouver Island",2022-03-01,0,2.64256217008798,2.74490161290323
"823","South Vancouver Island",2022-04-01,0.05384514030947,1.0717384736428,1.01789333333333
"824","South Vancouver Island",2022-05-01,0.18472135104364,1.4388614800759,1.25414012903226
"825","South Vancouver Island",2022-06-01,0.03310062724014,1.1115982078853,1.07849758064516
"826","South Vancouver Island",2022-07-01,0.25337874762808,1.77267741935484,1.51929867172676
"827","South Vancouver Island",2022-08-01,0.75707643396917,2.77959762308998,2.02252118912081
"828","South Vancouver Island",2022-09-01,1.52447212241108,3.18812675521822,1.66365463280714
"829","South Vancouver Island",2022-10-01,1.82921195230781,4.71208673835126,2.88287478604345
"830","South Vancouver Island",2022-11-01,0.16442574441687,2.54560827129859,2.38118252688172
"831","South Vancouver Island",2022-12-01,0,1.65170354051928,1.65706818469323
"832","South Vancouver Island",2023-01-01,0,2.54888445747801,2.69216860215054
"833","South Vancouver Island",2023-02-01,0,1.27634089490114,2.04937165898618
"834","South Vancouver Island",2023-03-01,0.2929308012487,2.01241612903226,1.71948532778356
"835","South Vancouver Island",2023-04-01,0.3135382078853,1.61055397849462,1.29701577060932
"836","South Vancouver Island",2023-05-01,0.0628912368068999,1.71257856399584,1.64968732718894
"837","South Vancouver Island",2023-06-01,0.185024105699631,1.17264895635674,0.987624850657109
"838","South Vancouver Island",2023-07-01,0.238344451472347,1.09698292220114,0.858638470728793
"839","South Vancouver Island",2023-08-01,5.21036483546764,6.5489448491155,1.33858001364786
"840","South Vancouver Island",2023-09-01,0.08130630859685,1.46901843317972,1.38771212458287
"841","Thompson Cariboo Shuswap",2018-03-01,0,0.436432553585029,0.611997729897059
"842","Thompson Cariboo Shuswap",2018-04-01,0.08819823638947,0.735064518764754,0.646866282375284
"843","Thompson Cariboo Shuswap",2018-05-01,0.11378425309335,1.48621158768785,1.3724273345945
"844","Thompson Cariboo Shuswap",2018-06-01,0.235127730751097,0.892199769339571,0.657072038588474
"845","Thompson Cariboo Shuswap",2018-07-01,0.261510731024526,0.933824397674289,0.672313666649763
"846","Thompson Cariboo Shuswap",2018-08-01,59.8764133637681,61.3357621685245,1.45934880475641
"847","Thompson Cariboo Shuswap",2018-09-01,1.20399155384317,1.6770703403372,0.473078786494034
"848","Thompson Cariboo Shuswap",2018-10-01,1.41390574169607,2.78608056910437,1.3721748274083
"849","Thompson Cariboo Shuswap",2018-11-01,0,0.261923098683495,0.420039253617669
"850","Thompson Cariboo Shuswap",2019-04-01,0.047201953338058,0.626077837014471,0.578875883676413
"851","Thompson Cariboo Shuswap",2019-05-01,0.905678324859513,1.782050068957,0.876371744097487
"852","Thompson Cariboo Shuswap",2019-06-01,0,0.643837471439452,0.690127844630617
"853","Thompson Cariboo Shuswap",2019-07-01,0.193837532035755,0.79921304775881,0.605375515723055
"854","Thompson Cariboo Shuswap",2019-08-01,0.226945663835855,1.08736995944917,0.860424295613315
"855","Thompson Cariboo Shuswap",2019-09-01,0,0.728279906814211,0.895364031480071
"856","Thompson Cariboo Shuswap",2019-10-01,0.018391021576284,0.479746690691583,0.461355669115299
"857","Thompson Cariboo Shuswap",2019-11-01,0,0.623845075868534,0.65403678090886
"858","Thompson Cariboo Shuswap",2020-03-01,0,0.357027744532695,0.629246768051495
"859","Thompson Cariboo Shuswap",2020-04-01,0.085023193069307,0.722862538080731,0.637839345011424
"860","Thompson Cariboo Shuswap",2020-05-01,0.084177402566559,0.857701383599898,0.773523981033339
"861","Thompson Cariboo Shuswap",2020-06-01,0,0.538134626974403,0.575685153592282
"862","Thompson Cariboo Shuswap",2020-07-01,0.146140537952462,0.80103542039356,0.654894882441098
"863","Thompson Cariboo Shuswap",2020-08-01,0.179841284426207,1.10075704493526,0.920915760509053
"864","Thompson Cariboo Shuswap",2020-09-01,9.98326422777138,11.084250457779,1.10098623000762
"865","Thompson Cariboo Shuswap",2020-10-01,0.450564772866862,1.0949726199543,0.644407847087438
"866","Thompson Cariboo Shuswap",2020-11-01,0.076347691582345,0.458850118594277,0.382502427011932
"867","Thompson Cariboo Shuswap",2020-12-01,0.0393644006584281,0.645354760091394,0.605990359432966
"868","Thompson Cariboo Shuswap",2021-01-01,0.0836240147587961,0.666495935747421,0.582871920988625
"869","Thompson Cariboo Shuswap",2021-02-01,0,0.380828111458361,0.380983059514743
"870","Thompson Cariboo Shuswap",2021-03-01,0.038666189447729,0.565613819843523,0.526947630395794
"871","Thompson Cariboo Shuswap",2021-04-01,0,0.684978207994497,0.70174581873572
"872","Thompson Cariboo Shuswap",2021-05-01,0.0357613354124791,0.68210600779535,0.646344672382871
"873","Thompson Cariboo Shuswap",2021-06-01,0.118652890990724,0.787493375885367,0.668840484894643
"874","Thompson Cariboo Shuswap",2021-07-01,18.4042816037766,19.5279433584384,1.12366175466182
"875","Thompson Cariboo Shuswap",2021-08-01,8.36831992496578,9.41775153442946,1.04943160946368
"876","Thompson Cariboo Shuswap",2021-09-01,0.370188680150067,1.01689340216073,0.646704722010663
"877","Thompson Cariboo Shuswap",2021-10-01,0.0875033876056869,0.534057980633228,0.446554593027541
"878","Thompson Cariboo Shuswap",2021-11-01,0.03637547338853,0.398136255312876,0.361760781924346
"879","Thompson Cariboo Shuswap",2021-12-01,0.016883199691104,0.313198371791441,0.296315172100337
"880","Thompson Cariboo Shuswap",2022-01-01,0.00456514026402599,0.848237899847677,0.843672759583651
"881","Thompson Cariboo Shuswap",2022-02-01,0,0.4663391789303,0.584650943162295
"882","Thompson Cariboo Shuswap",2022-03-01,0,0.651478543238939,0.70524862274689
"883","Thompson Cariboo Shuswap",2022-04-01,0.012374769214257,0.401769085876693,0.389394316662436
"884","Thompson Cariboo Shuswap",2022-05-01,0.0295685895793201,0.541866941445276,0.512298351865956
"885","Thompson Cariboo Shuswap",2022-06-01,0,0.431184124566303,0.442844833714141
"886","Thompson Cariboo Shuswap",2022-07-01,0.134966026761047,0.865973914699162,0.731007887938115
"887","Thompson Cariboo Shuswap",2022-08-01,2.87319941585966,4.94355449553052,2.07035507967086
"888","Thompson Cariboo Shuswap",2022-09-01,3.13226333735905,4.17157764437077,1.03931430701172
"889","Thompson Cariboo Shuswap",2022-10-01,2.46332914134427,3.85399616653973,1.39066702519546
"890","Thompson Cariboo Shuswap",2022-11-01,0.261047788388306,0.817119354775714,0.556071566387408
"891","Thompson Cariboo Shuswap",2022-12-01,0.019248662184395,0.402122267010941,0.382873604826546
"892","Thompson Cariboo Shuswap",2023-01-01,0.000521256433336004,0.47272802972605,0.472206773292714
"893","Thompson Cariboo Shuswap",2023-02-01,0,0.307234808245093,0.400938385376999
"894","Thompson Cariboo Shuswap",2023-03-01,0.162531217907771,0.714493859482102,0.551962641574331
"895","Thompson Cariboo Shuswap",2023-04-01,0.182679456150743,0.759343894389439,0.576664438238696
"896","Thompson Cariboo Shuswap",2023-05-01,3.89532211507751,5.26703761393509,1.37171549885758
"897","Thompson Cariboo Shuswap",2023-06-01,1.42901296570079,2.16694879261682,0.737935826916025
"898","Thompson Cariboo Shuswap",2023-07-01,9.61097979315277,10.3247096456252,0.713729852472427
"899","Thompson Cariboo Shuswap",2023-08-01,20.717273581255,21.592037835049,0.874764253793963
"900","Thompson Cariboo Shuswap",2023-09-01,0.847594534383339,1.6115074529431,0.763912918559761
"901","Vancouver",2018-03-01,0,6.195,7.64867741935484
"902","Vancouver",2018-04-01,0.42166478627522,6.39718435882568,5.97551957255046
"903","Vancouver",2018-05-01,0.438766876475219,9.74269268292683,9.30392580645161
"904","Vancouver",2018-06-01,0.64161904761904,5.99204571428571,5.35042666666667
"905","Vancouver",2018-07-01,2.39944157306105,10.138887804878,7.73944623181695
"906","Vancouver",2018-08-01,23.9540703812317,36.6619090909091,12.7078387096774
"907","Vancouver",2018-09-01,0.3766568627451,7.96342352941177,7.58676666666667
"908","Vancouver",2018-10-01,2.2571118737132,14.2951957446809,12.0380838709677
"909","Vancouver",2018-11-01,0,6.55851428571429,10.41527
"910","Vancouver",2019-04-01,0.30622249979655,5.6075875,5.30136500020345
"911","Vancouver",2019-05-01,1.28054245858762,7.9176972972973,6.63715483870968
"912","Vancouver",2019-06-01,0.22462555555556,5.58438888888889,5.35976333333333
"913","Vancouver",2019-07-01,0.493734160977231,5.31668292682927,4.82294876585204
"914","Vancouver",2019-08-01,0.90223803786234,6.72368648648649,5.82144844862415
"915","Vancouver",2019-09-01,0.70825019607843,7.24352352941176,6.53527333333333
"916","Vancouver",2019-10-01,0,7.41070243902439,7.50840322580645
"917","Vancouver",2019-11-01,0.3633994871795,13.2731794871795,12.90978
"918","Vancouver",2020-03-01,0,3.96368571428571,7.02857419354839
"919","Vancouver",2020-04-01,1.54945333333333,8.17215,6.62269666666667
"920","Vancouver",2020-05-01,0.74390591397849,6.66318333333333,5.91927741935484
"921","Vancouver",2020-06-01,0.8201052173913,6.8830652173913,6.06296
"922","Vancouver",2020-07-01,1.09222640660165,6.28606511627907,5.19383870967742
"923","Vancouver",2020-08-01,0.73691505376344,6.94666666666667,6.20975161290323
"924","Vancouver",2020-09-01,26.2242821276596,34.5877021276596,8.36342
"925","Vancouver",2020-10-01,0.82562983870968,10.119075,9.29344516129032
"926","Vancouver",2020-11-01,0,8.87493714285714,8.94384666666667
"927","Vancouver",2020-12-01,0,9.51432972972973,12.3794967741936
"928","Vancouver",2021-01-01,0,10.3145939393939,10.4848774193548
"929","Vancouver",2021-02-01,0.92510209359606,7.75464137931035,6.82953928571429
"930","Vancouver",2021-03-01,0.532484066471161,8.51989696969697,7.98741290322581
"931","Vancouver",2021-04-01,1.21495634408602,8.01150967741935,6.79655333333333
"932","Vancouver",2021-05-01,1.53181062618595,7.09792352941176,5.56611290322581
"933","Vancouver",2021-06-01,1.28439324649278,7.20822657982611,5.92383333333333
"934","Vancouver",2021-07-01,1.14142031063322,8.27740740740741,7.13598709677419
"935","Vancouver",2021-08-01,4.38177039848193,11.4087058823529,7.02693548387097
"936","Vancouver",2021-09-01,0.36442518518519,7.49851851851852,7.13409333333333
"937","Vancouver",2021-10-01,0,6.14980714285714,6.99811290322581
"938","Vancouver",2021-11-01,0,8.16670967741936,8.95
"939","Vancouver",2021-12-01,0.80233831734958,10.498927027027,9.69658870967742
"940","Vancouver",2022-01-01,0,13.18235,15.5261523809524
"941","Vancouver",2022-02-01,0,11.5340709677419,11.7779488372093
"942","Vancouver",2022-03-01,0,10.1537272727273,10.9412125
"943","Vancouver",2022-04-01,0.10195512195122,6.34219512195122,6.24024
"944","Vancouver",2022-05-01,0.87902658823529,7.63547058823529,6.756444
"945","Vancouver",2022-06-01,0,6.23104444444444,6.2822
"946","Vancouver",2022-07-01,1.6309393382353,11.98846875,10.3575294117647
"947","Vancouver",2022-08-01,1.2341,11.7005,10.4664
"948","Vancouver",2022-09-01,3.34025594493114,12.8322176470588,9.49196170212766
"949","Vancouver",2022-10-01,5.1526400226758,19.2698277777778,14.117187755102
"950","Vancouver",2022-11-01,0,11.8744717948718,12.232675
"951","Vancouver",2022-12-01,0,9.02141951219512,9.13957647058823
"952","Vancouver",2023-01-01,0,11.0786727272727,12.1687733333333
"953","Vancouver",2023-02-01,0,7.82236129032258,8.39376428571429
"954","Vancouver",2023-03-01,0,8.3077125,9.18413870967742
"955","Vancouver",2023-04-01,0.68058592592592,7.96139333333333,7.28080740740741
"956","Vancouver",2023-05-01,1.8011443548387,10.0234193548387,8.222275
"957","Vancouver",2023-06-01,1.68356339869281,8.41394117647059,6.73037777777778
"958","Vancouver",2023-07-01,1.36004226579521,8.04629411764706,6.68625185185185
"959","Vancouver",2023-08-01,8.3582296637715,15.5185806451613,7.1603509813898
"960","Vancouver",2023-09-01,1.03346748768473,8.87685714285714,7.84338965517241
